compte,droit,derniere-utilisation,decision
marie.dubois@novafact.example,factures:lire,2026-07-21,conserver
marie.dubois@novafact.example,factures:ecrire,2026-08-12,conserver
marie.dubois@novafact.example,export:comptable,2026-06-22,conserver
marie.dubois@novafact.example,clients:lire,-,retirer
karim.benali@novafact.example,factures:lire,2026-07-09,conserver
karim.benali@novafact.example,admin:utilisateurs,-,retirer
karim.benali@novafact.example,admin:audit,2026-08-31,conserver
lea.moreau@novafact.example,factures:lire,2026-08-05,conserver
lea.moreau@novafact.example,reglages:ecrire,-,retirer
thomas.roy@novafact.example,admin:audit,2026-07-28,conserver
thomas.roy@novafact.example,infra:deployer,2026-08-19,conserver
thomas.roy@novafact.example,secrets:lire,-,retirer
thomas.roy@novafact.example,export:comptable,-,retirer
svc-facturx@novafact.example,factures:lire,2026-06-05,conserver
svc-facturx@novafact.example,factures:ecrire,2026-07-15,conserver
svc-facturx@novafact.example,pieces-jointes:ecrire,-,retirer
svc-analytics@novafact.example,factures:lire,2026-08-25,conserver
svc-analytics@novafact.example,clients:lire,2026-07-01,conserver
svc-analytics@novafact.example,admin:utilisateurs,-,retirer
svc-sauvegarde@novafact.example,factures:lire,2026-08-03,conserver
svc-sauvegarde@novafact.example,clients:lire,2026-06-14,conserver
svc-sauvegarde@novafact.example,secrets:lire,-,retirer
stage2025@novafact.example,factures:lire,-,retirer
stage2025@novafact.example,clients:lire,-,retirer
stage2025@novafact.example,export:comptable,-,retirer
